{"accuracy": [0.7824059724807739, 0.881722092628479, 0.9044140577316284, 0.9243083596229553, 0.933167576789856, 0.9527509808540344, 0.9533727169036865, 0.9586571455001831, 0.958035409450531, 0.9678271412849426, 0.9746658205986023, 0.9769971966743469, 0.9780851602554321, 0.9732670187950134, 0.9808828234672546, 0.9793285727500916, 0.9797948598861694], "loss": [0.627106785774231, 0.3470609486103058, 0.2637316882610321, 0.2137608528137207, 0.19150230288505554, 0.14392559230327606, 0.13290011882781982, 0.1208767294883728, 0.12300994247198105, 0.09640689939260483, 0.07614537328481674, 0.07051220536231995, 0.06690099090337753, 0.078304223716259, 0.06393561512231827, 0.06487229466438293, 0.05973181128501892], "val_accuracy": [0.7842105031013489, 0.8614035248756409, 0.8868421316146851, 0.8938596248626709, 0.9070175290107727, 0.9070175290107727, 0.9166666865348816, 0.9114035367965698, 0.9254385828971863, 0.9149122834205627, 0.928947389125824, 0.9280701875686646, 0.9359649419784546, 0.9228070378303528, 0.9236842393875122, 0.9254385828971863, 0.9263157844543457], "val_loss": [0.6548900008201599, 0.41354668140411377, 0.3342898488044739, 0.3155794143676758, 0.26142141222953796, 0.2922308146953583, 0.25861120223999023, 0.3085954487323761, 0.24059204757213593, 0.26475760340690613, 0.22569577395915985, 0.26362016797065735, 0.2542438209056854, 0.24262507259845734, 0.29745522141456604, 0.27778011560440063, 0.2720692753791809]}